<?xml version="1.0" encoding="UTF-8"?>
<metadata xml:lang="en"><Esri><CreaDate>20220511</CreaDate><CreaTime>12301800</CreaTime><SyncOnce>FALSE</SyncOnce><DataProperties><lineage><Process Name="Create Feature Class" ToolSource="C:\Program Files\ArcGIS\ArcToolbox\Toolboxes\Data Management Tools.tbx\CreateFeatureclass" Date="20060306" Time="142308">CreateFeatureclass "Database Connections\SDE.sde\SDE.planning" zone_05 # zone_Layer SAME_AS_TEMPLATE SAME_AS_TEMPLATE "PROJCS['NAD_1983_StatePlane_Utah_North_FIPS_4301_Feet',GEOGCS['GCS_North_American_1983',DATUM['D_North_American_1983',SPHEROID['GRS_1980',6378137.0,298.257222101]],PRIMEM['Greenwich',0.0],UNIT['Degree',0.0174532925199433]],PROJECTION['Lambert_Conformal_Conic'],PARAMETER['False_Easting',1640416.666666667],PARAMETER['False_Northing',3280833.333333333],PARAMETER['Central_Meridian',-111.5],PARAMETER['Standard_Parallel_1',40.71666666666667],PARAMETER['Standard_Parallel_2',41.78333333333333],PARAMETER['Latitude_Of_Origin',40.33333333333334],UNIT['Foot_US',0.3048006096012192]];978423.678458615 3077535.94528889 1953.12499818101;0 100000;0 100000" # 0 0 0 "Database Connections\SDE.sde\SDE.planning\SDE.zone_05"</Process><Process Name="Append" ToolSource="C:\Program Files\ArcGIS\ArcToolbox\Toolboxes\Data Management Tools.tbx\Append" Date="20060306" Time="142312">Append zone_Layer "Database Connections\SDE.sde\SDE.planning\SDE.zone_05" TEST "Database Connections\SDE.sde\SDE.planning\SDE.zone_05"</Process><Process Name="FeatureClassToFeatureClass_1" ToolSource="C:\Program Files\ArcGIS\ArcToolbox\Toolboxes\Conversion Tools.tbx\FeatureClassToFeatureClass" Date="20060306" Time="142312">FeatureClassToFeatureClass H:\planning_intern\zoning\zone.shp "Database Connections\SDE.sde\SDE.planning" zone_05 # "AREA AREA VISIBLE;PERIMETER PERIMETER VISIBLE;ZONE_83FIN ZONE_83FIN VISIBLE;ZONE_83F_1 ZONE_83F_1 VISIBLE;ZONE_NAME ZONE_NAME VISIBLE;ZONE_CODE ZONE_CODE VISIBLE;ASSES_GROU ASSES_GROU VISIBLE;COLOR1 COLOR1 VISIBLE;CITY12 CITY12 VISIBLE" SAME_AS_TEMPLATE SAME_AS_TEMPLATE # 0 "Database Connections\SDE.sde\SDE.planning\SDE.zone_05"</Process><Process ToolSource="C:\Program Files\ArcGIS\ArcToolbox\Toolboxes\Conversion Tools.tbx\FeatureClassToFeatureClass" Date="20100702" Time="092203">FeatureClassToFeatureClass "Database Connections\donkey.sde\SDE.planning\SDE.zone" "Database Connections\donkey.sde\SDE.planning" weber_zone # "AREA 'AREA' true true false 8 Double 11 19 ,First,#,Database Connections\donkey.sde\SDE.planning\SDE.zone,SDE.zone.AREA,-1,-1;PERIMETER 'PERIMETER' true true false 8 Double 11 19 ,First,#,Database Connections\donkey.sde\SDE.planning\SDE.zone,PERIMETER,-1,-1;ZONE_83FIN 'ZONE_83FIN' true true false 4 Long 0 9 ,First,#,Database Connections\donkey.sde\SDE.planning\SDE.zone,ZONE_83FIN,-1,-1;ZONE_83F_1 'ZONE_83F_1' true true false 4 Long 0 9 ,First,#,Database Connections\donkey.sde\SDE.planning\SDE.zone,ZONE_83F_1,-1,-1;ZONE_NAME 'ZONE_NAME' true true false 16 Text 0 0 ,First,#,Database Connections\donkey.sde\SDE.planning\SDE.zone,ZONE_NAME,-1,-1;ZONE_CODE 'ZONE_CODE' true true false 8 Double 0 16 ,First,#,Database Connections\donkey.sde\SDE.planning\SDE.zone,ZONE_CODE,-1,-1;ASSES_GROU 'ASSES_GROU' true true false 15 Text 0 0 ,First,#,Database Connections\donkey.sde\SDE.planning\SDE.zone,ASSES_GROU,-1,-1;COLOR1 'COLOR1' true true false 8 Double 0 16 ,First,#,Database Connections\donkey.sde\SDE.planning\SDE.zone,COLOR1,-1,-1;CITY12 'CITY12' true true false 25 Text 0 0 ,First,#,Database Connections\donkey.sde\SDE.planning\SDE.zone,CITY12,-1,-1;ZONE_DATE 'ZONE_DATE' true true false 36 Date 0 0 ,First,#,Database Connections\donkey.sde\SDE.planning\SDE.zone,ZONE_DATE,-1,-1;SHAPE_AREA 'SHAPE_AREA' false false true 0 Double 0 0 ,First,#,Database Connections\donkey.sde\SDE.planning\SDE.zone,SHAPE.AREA,-1,-1;SHAPE_LEN 'SHAPE_LEN' false false true 0 Double 0 0 ,First,#,Database Connections\donkey.sde\SDE.planning\SDE.zone,SHAPE.LEN,-1,-1" # "Database Connections\donkey.sde\SDE.planning\SDE.weber_zone"</Process><Process ToolSource="c:\program files (x86)\arcgis\desktop10.1\ArcToolbox\Toolboxes\Data Management Tools.tbx\CalculateField" Date="20140508" Time="134823">CalculateField SDE.weber_zone CITY12 "Ogden Valley" VB #</Process><Process ToolSource="c:\program files (x86)\arcgis\desktop10.1\ArcToolbox\Toolboxes\Data Management Tools.tbx\CalculateField" Date="20140508" Time="135128">CalculateField SDE.weber_zone CITY12 "West Weber" VB #</Process><Process ToolSource="c:\program files (x86)\arcgis\desktop10.3\ArcToolbox\Toolboxes\Data Management Tools.tbx\CalculateField" Date="20210222" Time="133304">CalculateField "Zoning\Zoning Area" link "https://weber.municipalcodeonline.com/book?type=ordinances#name=Chapter_104-3_Residential_Estates_Zones_RE-15_And_RE-20" VB #</Process><Process ToolSource="c:\program files (x86)\arcgis\desktop10.3\ArcToolbox\Toolboxes\Data Management Tools.tbx\CalculateField" Date="20210222" Time="133341">CalculateField "Zoning\Zoning Area" link "https://weber.municipalcodeonline.com/book?type=ordinances#name=Chapter_104-3_Residential_Estates_Zones_RE-15_And_RE-20" VB #</Process><Process ToolSource="c:\program files (x86)\arcgis\desktop10.3\ArcToolbox\Toolboxes\Data Management Tools.tbx\CalculateField" Date="20210222" Time="133408">CalculateField "Zoning\Zoning Area" link "https://weber.municipalcodeonline.com/book?type=ordinances#name=Chapter_104-4_Gravel_Zone_G" VB #</Process><Process ToolSource="c:\program files (x86)\arcgis\desktop10.3\ArcToolbox\Toolboxes\Data Management Tools.tbx\CalculateField" Date="20210222" Time="133457">CalculateField "Zoning\Zoning Area" link "https://weber.municipalcodeonline.com/book?type=ordinances#name=Chapter_104-5_Agricultural_Zone_A-1" VB #</Process><Process ToolSource="c:\program files (x86)\arcgis\desktop10.3\ArcToolbox\Toolboxes\Data Management Tools.tbx\CalculateField" Date="20210222" Time="133524">CalculateField "Zoning\Zoning Area" link "https://weber.municipalcodeonline.com/book?type=ordinances#name=Chapter_104-7_Agricultural_A-2_Zone" VB #</Process><Process ToolSource="c:\program files (x86)\arcgis\desktop10.3\ArcToolbox\Toolboxes\Data Management Tools.tbx\CalculateField" Date="20210222" Time="133700">CalculateField "Zoning\Zoning Area" link "https://weber.municipalcodeonline.com/book?type=ordinances#name=Chapter_104-9_Forest_Zones_F-5,_F-10,_And_F-40" VB #</Process><Process ToolSource="c:\program files (x86)\arcgis\desktop10.3\ArcToolbox\Toolboxes\Data Management Tools.tbx\CalculateField" Date="20210222" Time="133757">CalculateField "Zoning\Zoning Area" link "https://weber.municipalcodeonline.com/book?type=ordinances#name=Chapter_104-9_Forest_Zones_F-5,_F-10,_And_F-40" VB #</Process><Process ToolSource="c:\program files (x86)\arcgis\desktop10.3\ArcToolbox\Toolboxes\Data Management Tools.tbx\CalculateField" Date="20210222" Time="133842">CalculateField "Zoning\Zoning Area" link "https://weber.municipalcodeonline.com/book?type=ordinances#name=Chapter_104-14_Forest_Valley_Zone_FV-3" VB #</Process><Process ToolSource="c:\program files (x86)\arcgis\desktop10.3\ArcToolbox\Toolboxes\Data Management Tools.tbx\CalculateField" Date="20210222" Time="133913">CalculateField "Zoning\Zoning Area" link "https://weber.municipalcodeonline.com/book?type=ordinances#name=Chapter_104-10_Shoreline_Zone_S-1" VB #</Process><Process ToolSource="c:\program files (x86)\arcgis\desktop10.3\ArcToolbox\Toolboxes\Data Management Tools.tbx\CalculateField" Date="20210222" Time="133946">CalculateField "Zoning\Zoning Area" link "https://weber.municipalcodeonline.com/book?type=ordinances#name=Chapter_104-11_Commercial_Valley_Resort_Recreation_Zone_CVR-1" VB #</Process><Process ToolSource="c:\program files (x86)\arcgis\desktop10.3\ArcToolbox\Toolboxes\Data Management Tools.tbx\CalculateField" Date="20210222" Time="134038">CalculateField "Zoning\Zoning Area" link "https://weber.municipalcodeonline.com/book?type=ordinances#name=Chapter_104-12_Single-Family_Residential_Zones_R-1-12,_R-1-10" VB #</Process><Process ToolSource="c:\program files (x86)\arcgis\desktop10.3\ArcToolbox\Toolboxes\Data Management Tools.tbx\CalculateField" Date="20210222" Time="134300">CalculateField "Zoning\Zoning Area" link "https://weber.municipalcodeonline.com/book?type=ordinances#name=Chapter_104-17_Forest_Residential_Zone_FR-3" VB #</Process><Process ToolSource="c:\program files (x86)\arcgis\desktop10.3\ArcToolbox\Toolboxes\Data Management Tools.tbx\CalculateField" Date="20210222" Time="134702">CalculateField "Zoning\Zoning Area" link "https://weber.municipalcodeonline.com/book?type=ordinances#name=Chapter_104-20_Commercial_Zones_C-1,_Cv-1,_C-2,_Cv-2,_And_C-3" VB #</Process><Process ToolSource="c:\program files (x86)\arcgis\desktop10.3\ArcToolbox\Toolboxes\Data Management Tools.tbx\CalculateField" Date="20210222" Time="134829">CalculateField "Zoning\Zoning Area" link "https://weber.municipalcodeonline.com/book?type=ordinances#name=Chapter_104-20_Commercial_Zones_C-1,_Cv-1,_C-2,_Cv-2,_And_C-3" VB #</Process><Process ToolSource="c:\program files (x86)\arcgis\desktop10.3\ArcToolbox\Toolboxes\Data Management Tools.tbx\CalculateField" Date="20210222" Time="134906">CalculateField "Zoning\Zoning Area" link "https://weber.municipalcodeonline.com/book?type=ordinances#name=Chapter_104-22_Manufacturing_Zone_M-1" VB #</Process><Process ToolSource="c:\program files (x86)\arcgis\desktop10.3\ArcToolbox\Toolboxes\Data Management Tools.tbx\CalculateField" Date="20210222" Time="135027">CalculateField "Zoning\Zoning Area" link "https://weber.municipalcodeonline.com/book?type=ordinances#name=Chapter_104-26_Open_Space_Zone_O-1" VB #</Process><Process ToolSource="c:\program files (x86)\arcgis\desktop10.3\ArcToolbox\Toolboxes\Data Management Tools.tbx\CalculateField" Date="20210222" Time="135136">CalculateField "Zoning\Zoning Area" link "https://weber.municipalcodeonline.com/book?type=ordinances#name=Chapter_104-29_Ogden_Valley_Destination_And_Recreation_Resort_Zone_DRR-1" VB #</Process><Process ToolSource="c:\program files (x86)\arcgis\desktop10.3\ArcToolbox\Toolboxes\Data Management Tools.tbx\CalculateField" Date="20210222" Time="141806">CalculateField "Zoning\Zoning Area" TITLE "Agricultral Zone" VB #</Process><Process ToolSource="c:\program files (x86)\arcgis\desktop10.3\ArcToolbox\Toolboxes\Data Management Tools.tbx\CalculateField" Date="20210222" Time="141915">CalculateField "Zoning\Zoning Area" TITLE "Agricultural Zone" VB #</Process><Process ToolSource="c:\program files (x86)\arcgis\desktop10.3\ArcToolbox\Toolboxes\Data Management Tools.tbx\CalculateField" Date="20210222" Time="141958">CalculateField "Zoning\Zoning Area" TITLE "Agricultural Valley Zone" VB #</Process><Process ToolSource="c:\program files (x86)\arcgis\desktop10.3\ArcToolbox\Toolboxes\Data Management Tools.tbx\CalculateField" Date="20210222" Time="142028">CalculateField "Zoning\Zoning Area" TITLE "Commercial Zone (Neighborhood)" VB #</Process><Process ToolSource="c:\program files (x86)\arcgis\desktop10.3\ArcToolbox\Toolboxes\Data Management Tools.tbx\CalculateField" Date="20210222" Time="142122">CalculateField "Zoning\Zoning Area" TITLE "Commercial, Valley Zone" VB #</Process><Process ToolSource="c:\program files (x86)\arcgis\desktop10.3\ArcToolbox\Toolboxes\Data Management Tools.tbx\CalculateField" Date="20210222" Time="142225">CalculateField "Zoning\Zoning Area" TITLE "Commercial, Valley Zone" VB #</Process><Process ToolSource="c:\program files (x86)\arcgis\desktop10.3\ArcToolbox\Toolboxes\Data Management Tools.tbx\CalculateField" Date="20210222" Time="142307">CalculateField "Zoning\Zoning Area" TITLE "Ogden Valley Destination and Recreation Resort Zone" VB #</Process><Process ToolSource="c:\program files (x86)\arcgis\desktop10.3\ArcToolbox\Toolboxes\Data Management Tools.tbx\CalculateField" Date="20210222" Time="142352">CalculateField "Zoning\Zoning Area" TITLE "Forestry Zone" VB #</Process><Process ToolSource="c:\program files (x86)\arcgis\desktop10.3\ArcToolbox\Toolboxes\Data Management Tools.tbx\CalculateField" Date="20210222" Time="142421">CalculateField "Zoning\Zoning Area" TITLE "Forest Residential Zone" VB #</Process><Process ToolSource="c:\program files (x86)\arcgis\desktop10.3\ArcToolbox\Toolboxes\Data Management Tools.tbx\CalculateField" Date="20210222" Time="142442">CalculateField "Zoning\Zoning Area" TITLE "Forest Valley Zone" VB #</Process><Process ToolSource="c:\program files (x86)\arcgis\desktop10.3\ArcToolbox\Toolboxes\Data Management Tools.tbx\CalculateField" Date="20210222" Time="142534">CalculateField "Zoning\Zoning Area" TITLE "Gravel Zone" VB #</Process><Process ToolSource="c:\program files (x86)\arcgis\desktop10.3\ArcToolbox\Toolboxes\Data Management Tools.tbx\CalculateField" Date="20210222" Time="142708">CalculateField "Zoning\Zoning Area" TITLE "Manufacturing Zone" VB #</Process><Process ToolSource="c:\program files (x86)\arcgis\desktop10.3\ArcToolbox\Toolboxes\Data Management Tools.tbx\CalculateField" Date="20210222" Time="142745">CalculateField "Zoning\Zoning Area" TITLE "Open Space Zone" VB #</Process><Process ToolSource="c:\program files (x86)\arcgis\desktop10.3\ArcToolbox\Toolboxes\Data Management Tools.tbx\CalculateField" Date="20210222" Time="142827">CalculateField "Zoning\Zoning Area" TITLE "Residential Zone" VB #</Process><Process ToolSource="c:\program files (x86)\arcgis\desktop10.3\ArcToolbox\Toolboxes\Data Management Tools.tbx\CalculateField" Date="20210222" Time="142855">CalculateField "Zoning\Zoning Area" TITLE "Shoreline Zone" VB #</Process></lineage><itemProps><itemName Sync="TRUE">SDE.weber_zone</itemName><imsContentType Sync="TRUE">002</imsContentType><nativeExtBox><westBL Sync="TRUE">1394059.225844</westBL><eastBL Sync="TRUE">1662299.759606</eastBL><southBL Sync="TRUE">3572430.225177</southBL><northBL Sync="TRUE">3682153.293699</northBL><exTypeCode Sync="TRUE">1</exTypeCode></nativeExtBox><relatedItems><item><itemName/></item></relatedItems><itemLocation><linkage Sync="TRUE">Server=wc-sqllive2019; Service=sde:sqlserver:wc-sqllive2019; Database=SDE; User=sde; Version=sde.DEFAULT</linkage><protocol Sync="TRUE">ArcSDE Connection</protocol></itemLocation></itemProps><coordRef><type Sync="TRUE">Projected</type><geogcsn Sync="TRUE">GCS_North_American_1983</geogcsn><csUnits Sync="TRUE">Linear Unit: Foot_US (0.304801)</csUnits><projcsn Sync="TRUE">NAD_1983_StatePlane_Utah_North_FIPS_4301_Feet</projcsn><peXml Sync="TRUE">&lt;ProjectedCoordinateSystem xsi:type='typens:ProjectedCoordinateSystem' xmlns:xsi='http://www.w3.org/2001/XMLSchema-instance' xmlns:xs='http://www.w3.org/2001/XMLSchema' xmlns:typens='http://www.esri.com/schemas/ArcGIS/10.1'&gt;&lt;WKT&gt;PROJCS[&amp;quot;NAD_1983_StatePlane_Utah_North_FIPS_4301_Feet&amp;quot;,GEOGCS[&amp;quot;GCS_North_American_1983&amp;quot;,DATUM[&amp;quot;D_North_American_1983&amp;quot;,SPHEROID[&amp;quot;GRS_1980&amp;quot;,6378137.0,298.257222101]],PRIMEM[&amp;quot;Greenwich&amp;quot;,0.0],UNIT[&amp;quot;Degree&amp;quot;,0.0174532925199433]],PROJECTION[&amp;quot;Lambert_Conformal_Conic&amp;quot;],PARAMETER[&amp;quot;False_Easting&amp;quot;,1640416.666666667],PARAMETER[&amp;quot;False_Northing&amp;quot;,3280833.333333333],PARAMETER[&amp;quot;Central_Meridian&amp;quot;,-111.5],PARAMETER[&amp;quot;Standard_Parallel_1&amp;quot;,40.71666666666667],PARAMETER[&amp;quot;Standard_Parallel_2&amp;quot;,41.78333333333333],PARAMETER[&amp;quot;Latitude_Of_Origin&amp;quot;,40.33333333333334],UNIT[&amp;quot;Foot_US&amp;quot;,0.3048006096012192],AUTHORITY[&amp;quot;EPSG&amp;quot;,3560]]&lt;/WKT&gt;&lt;XOrigin&gt;-119221999.999814&lt;/XOrigin&gt;&lt;YOrigin&gt;-93353199.999977797&lt;/YOrigin&gt;&lt;XYScale&gt;7812.4999924682406&lt;/XYScale&gt;&lt;ZOrigin&gt;0&lt;/ZOrigin&gt;&lt;ZScale&gt;1&lt;/ZScale&gt;&lt;MOrigin&gt;0&lt;/MOrigin&gt;&lt;MScale&gt;1&lt;/MScale&gt;&lt;XYTolerance&gt;0.0010240000009871999&lt;/XYTolerance&gt;&lt;ZTolerance&gt;1.9999999999999998e-005&lt;/ZTolerance&gt;&lt;MTolerance&gt;1.9999999999999998e-005&lt;/MTolerance&gt;&lt;HighPrecision&gt;true&lt;/HighPrecision&gt;&lt;WKID&gt;102742&lt;/WKID&gt;&lt;LatestWKID&gt;3560&lt;/LatestWKID&gt;&lt;/ProjectedCoordinateSystem&gt;</peXml></coordRef></DataProperties><SyncDate>20160205</SyncDate><SyncTime>07200100</SyncTime><ModDate>20160205</ModDate><ModTime>07200100</ModTime><ArcGISFormat>1.0</ArcGISFormat></Esri><idinfo><native Sync="TRUE">Microsoft Windows Vista Version 6.0 (Build 6002) Service Pack 2; ESRI ArcCatalog 9.3.1.3000</native><descript><langdata Sync="TRUE">en</langdata><abstract>REQUIRED: A brief narrative summary of the data set.</abstract><purpose>REQUIRED: A summary of the intentions with which the data set was developed.</purpose></descript><citation><citeinfo><origin>REQUIRED: The name of an organization or individual that developed the data set.</origin><pubdate>REQUIRED: The date when the data set is published or otherwise made available for release.</pubdate><title Sync="TRUE">SDE.weber_zone</title><ftname Sync="TRUE">SDE.weber_zone</ftname><geoform Sync="TRUE">vector digital data</geoform><onlink Sync="TRUE">Server=donkey; Service=5151; Database=sde; User=sde; Version=SDE.DEFAULT</onlink></citeinfo></citation><timeperd><current>REQUIRED: The basis on which the time period of content information is determined.</current><timeinfo><sngdate><caldate>REQUIRED: The year (and optionally month, or month and day) for which the data set corresponds to the ground.</caldate></sngdate></timeinfo></timeperd><status><progress>REQUIRED: The state of the data set.</progress><update>REQUIRED: The frequency with which changes and additions are made to the data set after the initial data set is completed.</update></status><spdom><bounding><westbc Sync="TRUE">-112.398424</westbc><eastbc Sync="TRUE">-111.420193</eastbc><northbc Sync="TRUE">41.434834</northbc><southbc Sync="TRUE">41.130209</southbc></bounding><lboundng><leftbc Sync="TRUE">1394059.225843</leftbc><rightbc Sync="TRUE">1662299.759606</rightbc><bottombc Sync="TRUE">3572430.225177</bottombc><topbc Sync="TRUE">3682153.293699</topbc></lboundng></spdom><keywords><theme><themekt>REQUIRED: Reference to a formally registered thesaurus or a similar authoritative source of theme keywords.</themekt><themekey>REQUIRED: Common-use word or phrase used to describe the subject of the data set.</themekey></theme></keywords><accconst>REQUIRED: Restrictions and legal prerequisites for accessing the data set.</accconst><useconst>REQUIRED: Restrictions and legal prerequisites for using the data set after access is granted.</useconst><natvform Sync="TRUE">SDE Feature Class</natvform></idinfo><dataIdInfo><envirDesc Sync="TRUE">Microsoft Windows 7 Version 6.1 (Build 7601) Service Pack 1; Esri ArcGIS 10.1.1.3143</envirDesc><dataLang><languageCode Sync="TRUE" value="eng"/><countryCode value="USA" Sync="TRUE"/></dataLang><idCitation><resTitle Sync="TRUE">SDE.weber_zone</resTitle><presForm><PresFormCd Sync="TRUE" value="005"/></presForm></idCitation><spatRpType><SpatRepTypCd Sync="TRUE" value="001"/></spatRpType><dataExt><geoEle><GeoBndBox esriExtentType="native"><westBL Sync="TRUE">1394059.225843</westBL><eastBL Sync="TRUE">1662299.759606</eastBL><northBL Sync="TRUE">3682153.293699</northBL><southBL Sync="TRUE">3572430.225177</southBL><exTypeCode Sync="TRUE">1</exTypeCode></GeoBndBox></geoEle></dataExt><geoBox esriExtentType="decdegrees"><westBL Sync="TRUE">-112.398424</westBL><eastBL Sync="TRUE">-111.420193</eastBL><northBL Sync="TRUE">41.434834</northBL><southBL Sync="TRUE">41.130209</southBL><exTypeCode Sync="TRUE">1</exTypeCode></geoBox><dataExt><geoEle><GeoBndBox esriExtentType="search"><exTypeCode Sync="TRUE">1</exTypeCode><westBL Sync="TRUE">-112.398424</westBL><eastBL Sync="TRUE">-111.420193</eastBL><northBL Sync="TRUE">41.434834</northBL><southBL Sync="TRUE">41.130209</southBL></GeoBndBox></geoEle></dataExt></dataIdInfo><metainfo><langmeta Sync="TRUE">en</langmeta><metstdn Sync="TRUE">FGDC Content Standards for Digital Geospatial Metadata</metstdn><metstdv Sync="TRUE">FGDC-STD-001-1998</metstdv><mettc Sync="TRUE">local time</mettc><metc><cntinfo><cntorgp><cntper>REQUIRED: The person responsible for the metadata information.</cntper><cntorg>REQUIRED: The organization responsible for the metadata information.</cntorg></cntorgp><cntaddr><addrtype>REQUIRED: The mailing and/or physical address for the organization or individual.</addrtype><city>REQUIRED: The city of the address.</city><state>REQUIRED: The state or province of the address.</state><postal>REQUIRED: The ZIP or other postal code of the address.</postal></cntaddr><cntvoice>REQUIRED: The telephone number by which individuals can speak to the organization or individual.</cntvoice></cntinfo></metc><metd Sync="TRUE">20100702</metd></metainfo><mdLang><languageCode Sync="TRUE" value="eng"/><countryCode value="USA" Sync="TRUE"/></mdLang><mdStanName Sync="TRUE">ISO 19115 Geographic Information - Metadata</mdStanName><mdStanVer Sync="TRUE">DIS_ESRI1.0</mdStanVer><mdChar><CharSetCd Sync="TRUE" value="004"/></mdChar><mdHrLv><ScopeCd Sync="TRUE" value="005"/></mdHrLv><mdHrLvName Sync="TRUE">dataset</mdHrLvName><distinfo><resdesc Sync="TRUE">Downloadable Data</resdesc></distinfo><distInfo><distributor><distorTran><onLineSrc><orDesc Sync="TRUE">002</orDesc><linkage Sync="TRUE">Server=donkey; Service=5151; Database=sde; User=sde; Version=SDE.DEFAULT</linkage><protocol Sync="TRUE">ArcSDE Connection</protocol></onLineSrc></distorTran><distorFormat><formatName Sync="TRUE">SDE Feature Class</formatName></distorFormat></distributor><distFormat><formatName Sync="TRUE">SDE Feature Class</formatName></distFormat></distInfo><spdoinfo><direct Sync="TRUE">Vector</direct><ptvctinf><esriterm Name="SDE.weber_zone"><efeatyp Sync="TRUE">Simple</efeatyp><efeageom code="4" Sync="TRUE"/><esritopo Sync="TRUE">TRUE</esritopo><efeacnt Sync="TRUE">1323</efeacnt><spindex Sync="TRUE">TRUE</spindex><linrefer Sync="TRUE">FALSE</linrefer><XYRank Sync="TRUE">1</XYRank><ZRank Sync="TRUE">1</ZRank><topoWeight Sync="TRUE">5.000000</topoWeight><validateEvents Sync="TRUE">FALSE</validateEvents><partTopoRules><topoRuleID Sync="TRUE">408</topoRuleID></partTopoRules><partTopoRules><topoRuleID Sync="TRUE">409</topoRuleID></partTopoRules></esriterm></ptvctinf></spdoinfo><spref><horizsys><cordsysn><geogcsn Sync="TRUE">GCS_North_American_1983</geogcsn><projcsn Sync="TRUE">NAD_1983_StatePlane_Utah_North_FIPS_4301_Feet</projcsn></cordsysn><planar><planci><plance Sync="TRUE">coordinate pair</plance><plandu Sync="TRUE">survey feet</plandu><coordrep><absres Sync="TRUE">0.000128</absres><ordres Sync="TRUE">0.000128</ordres></coordrep></planci></planar><geodetic><horizdn Sync="TRUE">North American Datum of 1983</horizdn><ellips Sync="TRUE">Geodetic Reference System 80</ellips><semiaxis Sync="TRUE">6378137.000000</semiaxis><denflat Sync="TRUE">298.257222</denflat></geodetic></horizsys><vertdef><altsys><altenc Sync="TRUE">Explicit elevation coordinate included with horizontal coordinates</altenc><altres Sync="TRUE">1.000000</altres></altsys></vertdef></spref><refSysInfo><RefSystem><refSysID><identCode Sync="TRUE" code="3560">NAD_1983_StatePlane_Utah_North_FIPS_4301_Feet</identCode><idCodeSpace Sync="TRUE">EPSG</idCodeSpace><idVersion Sync="TRUE">7.11.2</idVersion></refSysID></RefSystem></refSysInfo><spatRepInfo><VectSpatRep><geometObjs Name="SDE.weber_zone"><geoObjTyp><GeoObjTypCd value="002" Sync="TRUE"/></geoObjTyp><geoObjCnt Sync="TRUE">1323</geoObjCnt></geometObjs><topLvl><TopoLevCd value="004" Sync="TRUE"/></topLvl></VectSpatRep></spatRepInfo><eainfo><detailed Name="SDE.weber_zone"><enttyp><enttypl Sync="TRUE">SDE.weber_zone</enttypl><enttypt Sync="TRUE">Feature Class</enttypt><enttypc Sync="TRUE">1323</enttypc></enttyp><attr><attrlabl Sync="TRUE">SHAPE.LEN</attrlabl><attalias Sync="TRUE">SHAPE.LEN</attalias><attrtype Sync="TRUE">Double</attrtype><attwidth Sync="TRUE">0</attwidth><atprecis Sync="TRUE">0</atprecis><attscale Sync="TRUE">0</attscale></attr><attr><attrlabl Sync="TRUE">SDE.weber_zone.AREA</attrlabl><attalias Sync="TRUE">SDE.weber_zone.AREA</attalias><attrtype Sync="TRUE">Double</attrtype><attwidth Sync="TRUE">8</attwidth><atprecis Sync="TRUE">19</atprecis><attscale Sync="TRUE">11</attscale></attr><attr><attrlabl Sync="TRUE">OBJECTID</attrlabl><attalias Sync="TRUE">OBJECTID</attalias><attrtype Sync="TRUE">OID</attrtype><attwidth Sync="TRUE">4</attwidth><atprecis Sync="TRUE">10</atprecis><attscale Sync="TRUE">0</attscale><attrdef Sync="TRUE">Internal feature number.</attrdef><attrdefs Sync="TRUE">ESRI</attrdefs><attrdomv><udom Sync="TRUE">Sequential unique whole numbers that are automatically generated.</udom></attrdomv></attr><attr><attrlabl Sync="TRUE">PERIMETER</attrlabl><attalias Sync="TRUE">PERIMETER</attalias><attrtype Sync="TRUE">Double</attrtype><attwidth Sync="TRUE">8</attwidth><atprecis Sync="TRUE">19</atprecis><attscale Sync="TRUE">11</attscale></attr><attr><attrlabl Sync="TRUE">ZONE_83FIN</attrlabl><attalias Sync="TRUE">ZONE_83FIN</attalias><attrtype Sync="TRUE">Integer</attrtype><attwidth Sync="TRUE">4</attwidth><atprecis Sync="TRUE">9</atprecis><attscale Sync="TRUE">0</attscale></attr><attr><attrlabl Sync="TRUE">ZONE_83F_1</attrlabl><attalias Sync="TRUE">ZONE_83F_1</attalias><attrtype Sync="TRUE">Integer</attrtype><attwidth Sync="TRUE">4</attwidth><atprecis Sync="TRUE">9</atprecis><attscale Sync="TRUE">0</attscale></attr><attr><attrlabl Sync="TRUE">ZONE_NAME</attrlabl><attalias Sync="TRUE">ZONE_NAME</attalias><attrtype Sync="TRUE">String</attrtype><attwidth Sync="TRUE">16</attwidth><atprecis Sync="TRUE">0</atprecis><attscale Sync="TRUE">0</attscale></attr><attr><attrlabl Sync="TRUE">ZONE_CODE</attrlabl><attalias Sync="TRUE">ZONE_CODE</attalias><attrtype Sync="TRUE">Double</attrtype><attwidth Sync="TRUE">8</attwidth><atprecis Sync="TRUE">16</atprecis><attscale Sync="TRUE">0</attscale></attr><attr><attrlabl Sync="TRUE">ASSES_GROU</attrlabl><attalias Sync="TRUE">ASSES_GROU</attalias><attrtype Sync="TRUE">String</attrtype><attwidth Sync="TRUE">15</attwidth><atprecis Sync="TRUE">0</atprecis><attscale Sync="TRUE">0</attscale></attr><attr><attrlabl Sync="TRUE">COLOR1</attrlabl><attalias Sync="TRUE">COLOR1</attalias><attrtype Sync="TRUE">Double</attrtype><attwidth Sync="TRUE">8</attwidth><atprecis Sync="TRUE">16</atprecis><attscale Sync="TRUE">0</attscale></attr><attr><attrlabl Sync="TRUE">ZONE_DATE</attrlabl><attalias Sync="TRUE">ZONE_DATE</attalias><attrtype Sync="TRUE">Date</attrtype><attwidth Sync="TRUE">36</attwidth><atprecis Sync="TRUE">0</atprecis><attscale Sync="TRUE">0</attscale></attr><attr><attrlabl Sync="TRUE">CITY12</attrlabl><attalias Sync="TRUE">CITY12</attalias><attrtype Sync="TRUE">String</attrtype><attwidth Sync="TRUE">25</attwidth><atprecis Sync="TRUE">0</atprecis><attscale Sync="TRUE">0</attscale></attr><attr><attrlabl Sync="TRUE">SHAPE</attrlabl><attalias Sync="TRUE">Shape</attalias><attrtype Sync="TRUE">Geometry</attrtype><attwidth Sync="TRUE">4</attwidth><atprecis Sync="TRUE">0</atprecis><attscale Sync="TRUE">0</attscale><attrdef Sync="TRUE">Feature geometry.</attrdef><attrdefs Sync="TRUE">ESRI</attrdefs><attrdomv><udom Sync="TRUE">Coordinates defining the features.</udom></attrdomv></attr><attr><attrlabl Sync="TRUE">SHAPE.AREA</attrlabl><attalias Sync="TRUE">SHAPE.AREA</attalias><attrtype Sync="TRUE">Double</attrtype><attwidth Sync="TRUE">0</attwidth><atprecis Sync="TRUE">0</atprecis><attscale Sync="TRUE">0</attscale></attr></detailed></eainfo><mdDateSt Sync="TRUE">20160205</mdDateSt><dataqual><lineage><procstep><procdesc Sync="TRUE">Dataset copied.</procdesc><srcused Sync="TRUE">Server=donkey; Service=5151; Database=sdea; User=sde; Version=SDE.DEFAULT</srcused><date Sync="TRUE">20071126</date><time Sync="TRUE">13025700</time></procstep></lineage></dataqual></metadata>
